[ {
  "name": "Avi Cohen",
  "email": "any@gmail.com",
  "birthday": "12/5/2019",
  "avatar": "avi.png",
  "phones": ["035556678"]
},
{
  "name": "Moshe levi",
  "email": "mosh@gmail.com",
  "avatar": "moshe.png",
  "birthday": "7/11/2019"
},
{
  "name": "omer",
  "email": "omer@GMAIL.com",
  "avatar": "omer.png",
  "birthday": "2006-12-03 00:00:00"
},
{
  "name": "same",
  "email": "same@yahoo.com",
  "avatar": "same.png",
  "birthday": "2003-10-12 00:00:00",
  "phones": [
    "0579987454",
    "039995544",
    "0503336699"
  ]
}]
